Name,pack_size,rating_count,rating,price,mrp
Doctor's Best French Red Wine Grape Extract with Bovine 60mg Veggie Capsule,bottle of 90 vegicaps,No reviews,Nan,No discounts,MRP₹1345
Natures Aid Kidz Multi-Vitamin & Mineral Liquid Age 6+ Banana,bottle of 150 ml Liquid,No reviews,Nan,No discounts,MRP₹1229
Healthaid Glucosamine Sulphate 500mg Tablet,bottle of 30 tablets,No reviews,Nan,No discounts,MRP₹1240
HealthVit BCAA 2:1:1 1000mg Capsule,bottle of 60 capsules,No reviews,Nan,₹700,₹581
Glutax Effervescent Tablet Orange Sugar Free,bottle of 15 Effervescent Tablet,No reviews,Nan,No discounts,MRP₹1999
HealthVit High Absorption Magnesium Orotate 200mg Tablet,bottle of 60 tablets,No reviews,Nan,₹600,₹540
Purecise B12 Pure Vegan Capsule,bottle of 60 capsules,No reviews,Nan,₹790,₹727
Mas Protoma Powder,Tin of 200 gm Powder,No reviews,Nan,₹253,₹243
King Haem Drop,bottle of 15 ml Drop,No reviews,Nan,No discounts,MRP₹60
Biotrex Vitamin B12 ALA 1500mcg Tablet,bottle of 60 tablets,6 ratings,3.2,₹700,₹665
Dr Willmar Schwabe India Selenium Dilution 10M CH,bottle of 10 ml Dilution,No reviews,Nan,₹185,₹170
Natures Aid Women Multi-Vitamin & Minerals Capsule,bottle of 60 capsules,No reviews,Nan,No discounts,MRP₹2299
Glutazest Capsule,strip of 10 capsules,No reviews,Nan,No discounts,MRP₹600
Evatrol Soft Gelatin Capsule,strip of 15 soft gelatin capsules,No reviews,Nan,₹180,₹153
Myo-DC Tablet,strip of 10 tablets,No reviews,Nan,No discounts,MRP₹260
Big Flex Essential Bcaa Powder Cola Fizz,jar of 250 gm Powder,No reviews,Nan,No discounts,MRP₹1249
Gro Lical-C Tablet,strip of 10 tablets,No reviews,Nan,No discounts,MRP₹98
Raucal Tablet,strip of 10 tablets,No reviews,Nan,No discounts,MRP₹139
HealthVit Multivitamin Gummies Strawberry Orange,packet of 60 chewing gums,No reviews,Nan,₹300,₹270
Jeevanprash Powder,box of 500 gm Powder,No reviews,Nan,No discounts,MRP₹145
HealthyHey Nutrition Natural Vitamin K2 MK 7+Vegan D3 65mcg Vegetable Capsule,bottle of 120 vegicaps,No reviews,Nan,₹1799,₹1025
Kairali Draksharishtam,bottle of 450 ml Syrup,No reviews,Nan,No discounts,MRP₹120
HealthVit Magneed C-400 Capsule,bottle of 60 capsules,No reviews,Nan,₹900,₹655
Pristine Balance Metanutrition AAMD 2 Powder (3 Years & Above) Vanilla,Tin of 400 gm Powder,No reviews,Nan,No discounts,MRP₹850
Rhocal Tablet,strip of 15 tablets,No reviews,Nan,₹78.5,₹69
GNC Alpha Lipoic Acid 200mg Soft Gelatin Capsule,bottle of 60 soft gelatin capsules,No reviews,Nan,₹2099,₹1574
Novaherbs Yufit Man Tablet,bottle of 60 tablets,No reviews,Nan,₹1299,₹650
GNC Vitamin C 500mg Tablet,bottle of 90 tablets,No reviews,Nan,No discounts,MRP₹2299
Cospex Nuttora Plus Softgel Capsule,strip of 10 soft gelatin capsules,No reviews,Nan,No discounts,MRP₹105
HB 13 Oral Drops,bottle of 30 ml Oral Drops,No reviews,Nan,No discounts,MRP₹60
ProFoods Inositol (Vitamin B8),packet of 125 gm Powder,No reviews,Nan,₹360,₹306
Natures Aid Collagen Beauty Formula Capsule,bottle of 90 capsules,No reviews,Nan,₹3399,₹3161
Multi-Life Suspension,bottle of 200 ml Suspension,No reviews,Nan,₹149,₹127
HealthVit L- Arginine Double Strength 1000mg Tablet,bottle of 60 tablets,5 ratings,2.6,₹1100,₹899
Unived Pea Protein Isolate with Natural Digestive Enzymes Chocolate,packet of 37.2 gm Powder,No reviews,Nan,₹150,₹144
Dvm Vit Syrup,bottle of 100 ml Syrup,No reviews,Nan,No discounts,MRP₹65
Raucal-M Softgel Capsule,strip of 10 soft gelatin capsules,No reviews,Nan,No discounts,MRP₹139
Biotrex Multivitamins & Minerals Tablet,bottle of 60 tablets,No reviews,Nan,₹700,₹630
Zenith Nutrition L-Lysine 1000mg Capsule,bottle of 120 capsules,No reviews,Nan,No discounts,MRP₹920
Meolo HP 4 Flavour Pack (100gm Each),box of 4 Sachets,No reviews,Nan,₹800,₹775
Vipravita D3 Spray Cranberry,bottle of 30 ml Oral Solution,No reviews,Nan,₹405,₹393
Rausovit Capsule,strip of 10 capsules,No reviews,Nan,No discounts,MRP₹65
ForMen Skin+ Gummies,bottle of 30 gummies,No reviews,Nan,₹799,₹515
Ignitor Gold Standard Weight Gainer Powder,bottle of 1 kg Powder,No reviews,Nan,₹1599,₹1519
Rubicon Fab Immunity Vitamin C 500mg+Zinc 5mg Controlled Release Tablet Orange,bottle of 30 tablet cr,No reviews,Nan,₹549,₹532.53
Proffxo Mom Protein Powder Vanilla,jar of 250 gm Powder,No reviews,Nan,No discounts,MRP₹380
Raflocal-CT Softgel Capsule,strip of 15 soft gelatin capsules,No reviews,Nan,No discounts,MRP₹286
Q Usib Q10 Koenz Tablet,strip of 10 tablets,No reviews,Nan,₹548,₹482
Kudos Calcium Tablet,bottle of 100 tablets,No reviews,Nan,No discounts,MRP₹250
Benbus - 3 Soft Gelatin Capsule,strip of 10 soft gelatin capsules,No reviews,Nan,₹120,₹114
Glutax 1000 Sugar Free Orange Effervescent Tablet,bottle of 15 Effervescent Tablet,No reviews,Nan,No discounts,MRP₹2398
Mio-C Orange Sugar Free Chewable Tablet,strip of 10 Chewable Tablets,No reviews,Nan,₹45,₹40
HealthVit P-5-P 50mg Capsule,bottle of 60 capsules,No reviews,Nan,₹900,₹810
D3 More 2000IU Tablet,strip of 10 tablets,No reviews,Nan,₹60,₹53
CMG Nutritions Mumcare Capsule Elite Nutritional Care for Pregnancy,bottle of 30 capsules,No reviews,Nan,₹699,₹629
Nauseal Plus Tablet,strip of 10 tablets,No reviews,Nan,₹120,₹114
Mamba Zamba Ironfoot Gummy,box of 30 gummies,No reviews,Nan,₹699,₹629
HealthVit Magnesium Potassium Aspartate Tablet,bottle of 60 tablets,No reviews,Nan,₹500,₹450
MuscleBlaze MB Super Gainer XXL Choco Caramel,jar of 3 kg Powder,No reviews,Nan,₹3749,₹2767
Tcc Oral Suspension,bottle of 200 ml Oral Suspension,No reviews,Nan,No discounts,MRP₹119.9
GNC Women's Ultra Mega Mini Multivitamin Tablet,bottle of 90 tablets,No reviews,Nan,₹2699,₹2160
Jarrow Formulas Vitamin D3 5000IU Softgels,bottle of 100 soft gelatin capsules,No reviews,Nan,No discounts,MRP₹1699
The Old Natural Junior Immuno Defence Gummy Tangy Mango,bottle of 30 gummies,No reviews,Nan,₹400,₹360
Azafran Actives Echinacea 250mg Tablet,bottle of 15 tablets,No reviews,Nan,₹449,₹373
Nature's Bounty Fish Oil 1000mg Softgel,bottle of 110 soft gelatin capsules,No reviews,Nan,₹1649,₹1237
Pure Nutrition Veg Omega Capsule,bottle of 60 vegicaps,No reviews,Nan,₹1499,₹1064
Canxi D Tablet,strip of 15 tablets,No reviews,Nan,₹29.9,₹28
Epieff Vitamin C Effervescent Tablet (20 Each),combo pack of 5 bottles,No reviews,Nan,No discounts,MRP₹1750
Ignitor Vitamin C with Zinc Chewable Tablet,bottle of 60 Chewable Tablets,No reviews,Nan,₹499,₹474
Biotrex Ginkgo Biloba 120mg Veg Capsule,bottle of 60 capsules,No reviews,Nan,₹800,₹720
Proburst Multivitamin Tablet,bottle of 60 tablets,No reviews,Nan,₹699,₹522
ProFoods Zinc Gluconate Powder,packet of 350 gm Powder,No reviews,Nan,₹500,₹455
Elicura Essential Multi Vitamin Multi Mineral Complex Vegetarian Capsule,bottle of 60 vegicaps,No reviews,Nan,₹599,₹361
Sapien Body More Man Capsule,bottle of 60 capsules,No reviews,Nan,No discounts,MRP₹3488
Fast&Up Reload Berry Effervescent Tablet,bottle of 80 Effervescent Tablet,31 ratings,4.2,₹840,₹758
Nature's Bounty High Potency Magnesium 500mg Tablet,bottle of 100 tablets,No reviews,Nan,No discounts,MRP₹1599
Hepafolin Syrup,bottle of 300 ml Syrup,No reviews,Nan,₹59.45,₹51
ProFoods Calcium Aspartate Powder,packet of 125 gm Powder,No reviews,Nan,₹340,₹315
Pmeds PreVid Immunity Boosting Sachet (8gm Each) Sugar Free 6 Days Flavour Starter Pack Assorted,packet of 6 Sachets,No reviews,Nan,₹495,₹404
Andme Plant Based Women's Protein Powder with Shaker Free Choco Almond,jar of 500 gm Powder,No reviews,Nan,No discounts,MRP₹1848
HealthVit L- Glutamine 1000mg Capsule,bottle of 60 capsules,No reviews,Nan,₹1800,₹1620
D3 Vit Liquid Sugar Free,bottle of 10 ml Liquid,No reviews,Nan,No discounts,MRP₹58
HealthVit Vitamin B6 100mg  Capsule,bottle of 60 capsules,No reviews,Nan,₹650,₹473
Myplex Syrup,bottle of 100 ml Syrup,No reviews,Nan,₹45,₹40
Fol Plus Soft Gelatin Capsule,strip of 10 soft gelatin capsules,No reviews,Nan,₹150,₹132
Sarp Vit-Gold Tablet,strip of 10 tablets,No reviews,Nan,No discounts,MRP₹110
Mac D-Lite Chewable Tablet,box of 4 Chewable Tablets,No reviews,Nan,₹88,₹79
Nature's Bounty Evening Primrose Oil 1000mg Rapid Release Softgel,bottle of 60 soft gelatin capsules,No reviews,Nan,No discounts,MRP₹1999
Bekwick Sublingual tablet,strip of 30 Sublingual tablet,No reviews,Nan,No discounts,MRP₹240
AGN Capsule,strip of 10 capsules,No reviews,Nan,No discounts,MRP₹90
Rudimax Tablet,box of 10 tablets,No reviews,Nan,No discounts,MRP₹120
Namiforte Tablet,strip of 10 tablets,No reviews,Nan,No discounts,MRP₹130
HealthVit Magneed-C 200 Tablet,bottle of 60 tablets,No reviews,Nan,₹600,₹437
HealthyHey Nutrition Blue Eye Protect 100mg Vegetable Capsule,bottle of 60 vegicaps,No reviews,Nan,₹1499,₹864
Big Flex Pre Workout Powder Orange,jar of 400 gm Powder,No reviews,Nan,No discounts,MRP₹1999
Nutrileon Calcium 500 with Vitamin D Tablet,bottle of 60 tablets,No reviews,Nan,₹500,₹420
Lyprovit Iron Syrup,bottle of 200 ml Syrup,No reviews,Nan,₹99,₹96
Cevalia Oral Suspension,bottle of 200 ml Oral Suspension,No reviews,Nan,₹125,₹110
Veclust-D Tablet,strip of 10 tablets,No reviews,Nan,₹99,₹94
Nakpro Nutrition Multivitamin & Minerals Fortified with Ginseng & DHA Tablet,bottle of 60 tablets,No reviews,Nan,₹999,₹499
West-Coast Manoneed Calcium Tablet,box of 30 tablets,No reviews,Nan,₹420,₹378
Bonavit Tablet,strip of 10 tablets,No reviews,Nan,No discounts,MRP₹127
Concize Gummy,bottle of 30 gummies,No reviews,Nan,No discounts,MRP₹290
GNC Chewable Calcium 600mg Soft Tablet Caramel,packet of 60 Chewable Tablets,No reviews,Nan,₹1799,₹1349
New Chapter Every Man's One Daily Multi Vegetarian Tablet,bottle of 72 tablets,No reviews,Nan,No discounts,MRP₹7999
HealthVit Jointneed-Sport Tablet,bottle of 60 tablets,No reviews,Nan,₹900,₹810
IR-Avitrol Tablet,bottle of 15 tablets,No reviews,Nan,₹375,₹330
Pristine Balance Metanutrition TB Care Powder,Tin of 400 gm Powder,No reviews,Nan,₹510,₹499.8
Zenith Nutrition Folic Acid 2mg Capsule,bottle of 100 capsules,No reviews,Nan,₹400,₹387
Shilpvak Tablet,strip of 15 tablets,No reviews,Nan,₹72.5,₹64
Cellyvit M+ Tablet,strip of 10 tablets,No reviews,Nan,No discounts,MRP₹160
GB Max Tablet,strip of 10 tablets,No reviews,Nan,₹60,₹57
Calcifornia Tablet,strip of 10 tablets,No reviews,Nan,No discounts,MRP₹59
B 29 Fast Sachet,packet of 1 Sachet,No reviews,Nan,₹14,₹13
Boldfit Magnesium 340mg Tablet,bottle of 60 tablets,No reviews,Nan,₹799,₹314
Big Flex Essential Bcaa Powder Green Apple,jar of 250 gm Powder,No reviews,Nan,No discounts,MRP₹1249
Pine-D3 Tablet,strip of 10 tablets,No reviews,Nan,₹65,₹60
Adferol Granules,sachet of 1 gm Granules,No reviews,Nan,₹22.3,₹20
Doctor's Best Trans-Resveratrol with Resvinol 200mg Veggie Capsule,bottle of 60 vegicaps,No reviews,Nan,No discounts,MRP₹4628
Nanfer XT Tablet,strip of 10 tablets,No reviews,Nan,No discounts,MRP₹90
Xylinc-M Softgel Capsule,strip of 10 soft gelatin capsules,No reviews,Nan,No discounts,MRP₹160
Vesca Melatonin Veg Capsule,bottle of 100 vegicaps,No reviews,Nan,₹800,₹699
Inos-DM Tablet,strip of 10 tablets,No reviews,Nan,₹195,₹172
Moba Mega Soft Gelatin Capsule,strip of 10 soft gelatin capsules,No reviews,Nan,₹164,₹156
Figofab Tablet,strip of 10 tablets,No reviews,Nan,No discounts,MRP₹99
Earthyboon Multi Vita Biotin Tablet,bottle of 60 tablets,No reviews,Nan,No discounts,MRP₹895
Mongrow Syrup,bottle of 200 ml Syrup,No reviews,Nan,No discounts,MRP₹145
Ossenfit Plus Tablet,strip of 10 tablets,No reviews,Nan,No discounts,MRP₹156
Anatonic Syrup,bottle of 200 ml Syrup,No reviews,Nan,No discounts,MRP₹151
Dr. Morepen Muscle Food Mass Gainer Chocolate,jar of 3 kg Powder,No reviews,Nan,₹3699,₹2404
Nature's Velvet Joint Care Formula Tablet,bottle of 60 tablets,No reviews,Nan,₹1400,₹1144
ANS Performance Diablo L-Carnitine 3000 Berry Blast,bottle of 473 ml Liquid,No reviews,Nan,₹2400,₹1800
CQ-Kind Sachet Orange Sugar Free,sachet of 5 gm Powder,No reviews,Nan,No discounts,MRP₹60
Glucobal-D3 Tablet,strip of 10 tablets,No reviews,Nan,No discounts,MRP₹165
Dymatize Nutrition Super Amino 6000 Caplet,bottle of 345 caplets,No reviews,Nan,₹2999,₹2849
Ubiall 100 Capsule,strip of 10 capsules,No reviews,Nan,No discounts,MRP₹450
Qualcium-D3 Tablet,strip of 10 tablets,No reviews,Nan,₹130,₹114
Snt Syrup,bottle of 200 ml Syrup,No reviews,Nan,No discounts,MRP₹149.99
Bio-F 10 Tablet,strip of 10 tablets,No reviews,Nan,No discounts,MRP₹72.5
Maxra Tablet,strip of 10 tablets,No reviews,Nan,₹680,₹578
Aushadh Multi Vitamin Capsule,strip of 10 capsules,No reviews,Nan,₹180,₹171
Rosscare Daily Multi Gummies Lemon & Strawberry,bottle of 30 gummies,No reviews,Nan,No discounts,MRP₹300
Guardking Capsule,box of 10 capsules,No reviews,Nan,₹88,₹84
Biotrex Magnesium Citrate 330mg Capsule,bottle of 60 capsules,12 ratings,4,₹500,₹448
S-MV Syrup Sugar Free,bottle of 200 ml Syrup,No reviews,Nan,No discounts,MRP₹140
Jaypro Chocolate Suspension,bottle of 200 ml Suspension,No reviews,Nan,No discounts,MRP₹150
Cospex Famant-XT Suspension,bottle of 200 ml Oral Suspension,No reviews,Nan,No discounts,MRP₹130
Hesvit Forte Tablet,strip of 10 tablets,No reviews,Nan,₹65.9,₹58
West-Coast Menvitan Original Tablet,box of 30 tablets,No reviews,Nan,₹420,₹378
Nutrainix Reload Effervescent Tablet (20 Each) Berry,combo pack of 2 bottles,No reviews,Nan,No discounts,MRP₹550
Jeffer-XT Tablet,strip of 10 tablets,No reviews,Nan,No discounts,MRP₹105
Eric Favre KOQ10 Gyno G Softgel Capsules,bottle of 30 soft gelatin capsules,No reviews,Nan,No discounts,MRP₹1482
Nutrainix Vitamin D3+K2 Gummies (30 Each),combo pack of 2 bottles,No reviews,Nan,No discounts,MRP₹1390
The Vitamin Shoppe Glucosamine Chondroitin Msm Capsule,bottle of 60 capsules,No reviews,Nan,No discounts,MRP₹1349
Drkal-K2 Softgel Capsule,strip of 10 soft gelatin capsules,No reviews,Nan,₹60,₹51
Livimec Tablet,strip of 10 tablets,No reviews,Nan,₹119,₹101
Aarzin 25mg Tablet,strip of 10 tablets,No reviews,Nan,₹46,₹40
Lifetonic Junior Syrup,bottle of 100 ml Syrup,No reviews,Nan,No discounts,MRP₹99
IR-Avitrol Tablet,strip of 10 tablets,No reviews,Nan,₹250,₹220
Onesol-H Tablet,strip of 10 tablets,No reviews,Nan,No discounts,MRP₹210
Morpheme Complete Detox Capsule,bottle of 60 capsules,No reviews,Nan,No discounts,MRP₹449
Metgro ALA Tablet,strip of 10 tablets,No reviews,Nan,No discounts,MRP₹149
Natures Aid Magnesium Citrate 125 mg Tablet,bottle of 60 tablets,No reviews,Nan,₹1249,₹1162
HealthVit Vitamin E Dry 400IU  Capsule,bottle of 60 capsules,No reviews,Nan,₹600,₹540
MuscleXP Men Daily Vital Energy Tablet,bottle of 60 tablets,No reviews,Nan,₹999,₹899
Hescobal Forte Tablet,strip of 10 tablets,No reviews,Nan,₹140,₹123
Hi-D Shot 60K Syrup,bottle of 5 ml Syrup,No reviews,Nan,₹53.78,₹49
Samika Nutricare Daily 2 Tablet,bottle of 30 tablets,No reviews,Nan,₹359,₹299
CalSort-D Soft Gelatin Capsule,strip of 10 soft gelatin capsules,No reviews,Nan,No discounts,MRP₹55.1
Esy-Iron Tonic,bottle of 200 ml Syrup,No reviews,Nan,No discounts,MRP₹154
Nature's Bounty Ginseng Complex  Capsule,bottle of 75 capsules,No reviews,Nan,No discounts,MRP₹2949
ProFoods Zinc Gluconate Powder,packet of 1 kg Powder,No reviews,Nan,₹890,₹792
Kinphos Tablet,strip of 10 tablets,No reviews,Nan,No discounts,MRP₹160
21st Century Triple Omega Complex 3-6-9 Enteric Coated Softgels,bottle of 180 soft gelatin capsules,No reviews,Nan,No discounts,MRP₹2648
Vesca Biotin Vegetarian Capsule,bottle of 150 vegicaps,No reviews,Nan,₹990,₹879
Exerfit Mass Gainer Titanium Series Powder Chocolate Brownie,jar of 3 kg Powder,No reviews,Nan,No discounts,MRP₹3599
Potentveda Multivitamin with Ginseng Extract Capsule,bottle of 90 capsules,No reviews,Nan,₹1399,₹584
21st Century Niacin 250mg Tablet,bottle of 110 tablets,No reviews,Nan,No discounts,MRP₹608
Natures Aid Vitamin D3 1000IU Tablet,bottle of 90 tablets,No reviews,Nan,₹1099,₹1022
Big Flex Pre Workout Powder Lychee,jar of 400 gm Powder,No reviews,Nan,No discounts,MRP₹1999
Janani Ova Health-Booster Capsule,bottle of 60 capsules,No reviews,Nan,No discounts,MRP₹1800
Pure Nutrition Femenizin Veg Capsule for Women,bottle of 60 vegicaps,No reviews,Nan,No discounts,MRP₹2999
Calbic-D3 Suspension,bottle of 200 ml Oral Suspension,No reviews,Nan,No discounts,MRP₹75
GNC Probiotic Complex Capsule 10 billion CFUs,bottle of 90 capsules,No reviews,Nan,₹4399,₹3299
Gabasync-Plus Tablet,strip of 10 tablets,No reviews,Nan,₹149,₹131
Hgln Plus Tablet,strip of 10 tablets,No reviews,Nan,No discounts,MRP₹149
Zenith Nutrition HairFab Gummies Strawberry,jar of 45 gummies,No reviews,Nan,₹511,₹495.67
HealthVit L- Arginine - Ornithine  500mg/250 mg Tablet,bottle of 60 tablets,No reviews,Nan,₹1000,₹817
Livalco Syrup,bottle of 200 ml Syrup,No reviews,Nan,No discounts,MRP₹249
Farex Multi Cereal Refill Pack Mixed Fruit,box of 300 gm Powder,No reviews,Nan,No discounts,MRP₹250
Feranid Tablet,strip of 10 tablets,No reviews,Nan,₹62.4,₹53
LM-Gold Oral Suspension Sugar Free,bottle of 200 ml Oral Suspension,No reviews,Nan,₹145,₹123
Hgln Tablet SR,strip of 10 tablet sr,No reviews,Nan,No discounts,MRP₹99
Lycodan Syrup Sugar Free,bottle of 200 ml Syrup,No reviews,Nan,No discounts,MRP₹160
Getme Powder,box of 500 gm Powder,No reviews,Nan,₹200,₹182
Brisk-Fe Syrup,bottle of 200 ml Syrup,No reviews,Nan,No discounts,MRP₹110
Kairali Dasamoolarishtam,bottle of 450 ml Syrup,No reviews,Nan,No discounts,MRP₹115
Ostenza Plus Calcium Tablet,packet of 30 tablets,No reviews,Nan,₹375,₹338
Inlife Lycopene with Wheat Germ Oil Capsule,bottle of 30 capsules,No reviews,Nan,No discounts,MRP₹899
Focamin Capsule,strip of 10 capsules,No reviews,Nan,₹60,₹51
Nutrainix Reload Effervescent Tablet (20 Each) Lime & Lemon,combo pack of 2 bottles,No reviews,Nan,No discounts,MRP₹550
iStayHealthy Vitamin C 500mg Immunity Booster Chewable Tablet,bottle of 60 Chewable Tablets,No reviews,Nan,₹799,₹215
Hxgn-Cal Softgel Capsule,strip of 10 soft gelatin capsules,No reviews,Nan,No discounts,MRP₹170
PediaCare Strong Bones Yummy Gummies,jar of 60 gummies,No reviews,Nan,No discounts,MRP₹850
Zadistrong Plus Softgel Capsules,strip of 10 soft gelatin capsules,No reviews,Nan,No discounts,MRP₹230
Biotrex Cow Colostrum 500mg Capsule,bottle of 60 capsules,No reviews,Nan,₹900,₹855
B-Fact Vitamins & Minerals Capsule,box of 100 capsules,No reviews,Nan,No discounts,MRP₹1290
Nutrafast Powder Chocolate,Tin of 200 gm Powder,No reviews,Nan,₹250,₹238
Universal Nutrition Arbuterol Tablet,box of 60 tablets,No reviews,Nan,₹1999,₹1898
Wellhouse Multivitamin Gummy Natural Assorted Sugar Free,bottle of 60 gummies,No reviews,Nan,₹1200,₹1164
Drink D Sachet,packet of 1 Sachet,No reviews,Nan,₹58,₹51
GNC Mega Men Dietary Supplement Multivitamin Caplet,bottle of 180 caplets,No reviews,Nan,₹5099,₹4589
Super Gummy Combo Pack of Calcium+Vitamin D Gummies Masti Mango & Zinc+Vitamins Gummies OMG Orange (30 Each),combo pack of 2 Packs,64 ratings,4.3,₹598,₹568.97
21st Century Selenium 200mcg Capsule,bottle of 60 capsules,No reviews,Nan,No discounts,MRP₹735
Sixpack Nutrition Calcium Orange Effervescent Tablet,box of 60 Effervescent Tablet,No reviews,Nan,No discounts,MRP₹699
Doctor's Best Vitamin C 500mg Veggie Capsule,bottle of 120 vegicaps,No reviews,Nan,No discounts,MRP₹2013
Cnemiq Capsule,strip of 10 capsules,No reviews,Nan,₹142,₹121
GNC Women's Hair Skin and Nail 30 Day Program,packet of 1 Kit,No reviews,Nan,₹4899,₹3674
Nutritwig Ginkgo Biloba with Selenium Capsule,bottle of 60 capsules,No reviews,Nan,₹999,₹949
ProFoods Calcium-D-Pantothenate (Vitamin - B5),packet of 350 gm Powder,No reviews,Nan,₹3800,₹3192
GNC (NDS) Censor Soft Gelatin Capsule,bottle of 180 soft gelatin capsules,No reviews,Nan,₹5299,₹3974
HealthyHey Nutrition Men Multi Vit Daily 620mg Capsule,bottle of 90 capsules,No reviews,Nan,₹1099,₹724
Mulzin Chocolate Powder,jar of 200 gm Powder,No reviews,Nan,No discounts,MRP₹285
Moloshe Vitamin C Chewable Tablet,bottle of 60 Chewable Tablets,No reviews,Nan,No discounts,MRP₹899
Cravefer XT Tablet,strip of 10 tablets,No reviews,Nan,₹119,₹105
oneDr Kid Calcium and Vitamin D for Bone Strength Mango,box of 30 gummies,No reviews,Nan,₹449,₹405
Gio Active Whey protein Powder Kesar Badam Sugar Free,Tin of 200 gm Powder,No reviews,Nan,₹279,₹250
Fast&Up Combo Pack of Reload Effervescent Tablets (20) Berry Flavour & Energy Gel (30gm) Strawberry & Banana Flavour,combo pack of 2 Packs,No reviews,Nan,₹730,₹509
Muscle Mountain ProForHer Chocolate,jar of 500 gm Powder,No reviews,Nan,₹2399,₹1979
Kapiva Biotin Gummies Strawberry,Tin of 10 gummies,No reviews,Nan,₹200,₹194
Spartan Nutrition Enhanced Performance Gainer Rich Chocolate,jar of 2.72 kg Powder,No reviews,Nan,No discounts,MRP₹3799
Nature's Way Alive Women's Gummies Gummy,bottle of 60 gummies,No reviews,Nan,No discounts,MRP₹6099
Madren Healthcare Multivitamin Gummies Strawberry,bottle of 30 gummies,No reviews,Nan,₹649,₹415
ProFoods Calcium Aspartate Powder,packet of 1 kg Powder,No reviews,Nan,₹1130,₹1001
Doctor's Best Stabilized R-Lipoic Acid 100mg Veggie Capsule,bottle of 60 vegicaps,No reviews,Nan,No discounts,MRP₹3067
Vitgud Syrup Mango,bottle of 200 ml Syrup,No reviews,Nan,₹119,₹105
Osem Soft Gelatin Capsule,strip of 10 soft gelatin capsules,No reviews,Nan,₹70,₹60
Coralset-CT Tablet,strip of 10 tablets,No reviews,Nan,₹150,₹132
Vivifix Z Tablet,strip of 10 tablets,No reviews,Nan,No discounts,MRP₹110
Now Selenium 200mcg Veg Capsule,bottle of 180 vegicaps,No reviews,Nan,No discounts,MRP₹4499
Jecon-XT Tablet,strip of 10 tablets,No reviews,Nan,₹120.1,₹106
Biotrex Maca 500mg Capsule,bottle of 60 capsules,No reviews,Nan,₹1200,₹1080
Amabel Multivitamins & Minerals For Women Tablet,strip of 10 tablets,No reviews,Nan,₹105,₹92
Grap-Plus Capsule,strip of 10 soft gelatin capsules,No reviews,Nan,₹170,₹145
Calpikid Max Softgel Capsule,strip of 10 soft gelatin capsules,No reviews,Nan,₹160,₹141
Marnys Cistomar Vegetable Capsule,box of 30 vegicaps,No reviews,Nan,No discounts,MRP₹1950
